{"cameraMode":{"drawMode":0,"name":"Shaded","section":"Shading Mode"},"sceneLighting":true,"audioPlay":false,"sceneViewState":{"showFog":true,"showMaterialUpdate":false,"showSkybox":true,"showFlares":true,"showImageEffects":true,"showParticleSystems":true},"in2DMode":false,"pivot":{"x":3.7281551361083986,"y":0.9075226783752441,"z":-0.1481342315673828},"rotation":{"x":-0.2531743347644806,"y":-0.291258305311203,"z":0.080235056579113,"w":-0.9190395474433899},"size":6.318022727966309,"orthographic":false}